Order_ID,Order_Date,Region,Salesperson,Channel,Product_Category,Units,Gross_Sales,Discount_Rate,Net_Sales,Cost,Profit,Margin_Pct
SO-000001,2025-08-30,South,Aarav,Online,Beauty,2,2333.54,0.0,2333.54,1417.66,915.88,0.3925
SO-000002,2025-02-28,South,Aarav,Direct,Home,1,3832.83,0.0,3832.83,2954.38,878.45,0.2292
SO-000003,2025-10-25,South,Ananya,Online,Books,1,4392.33,0.1,3953.1,2736.5,1216.6,0.3078
SO-000004,2025-06-06,South,Nisha,Online,Home,3,2302.55,0.05,2187.42,1513.91,673.51,0.3079
SO-000005,2025-11-27,East,Nisha,Partner,Electronics,4,6345.55,0.05,6028.27,4624.43,1403.84,0.2329
SO-000006,2025-03-01,North,Meera,Partner,Fashion,1,10074.62,0.1,9067.16,6893.76,2173.4,0.2397
SO-000007,2025-03-12,North,Ananya,Online,Books,1,3567.79,0.05,3389.4,2180.58,1208.82,0.3566
SO-000008,2025-06-21,South,Aarav,Online,Beauty,3,3699.58,0.0,3699.58,2369.95,1329.63,0.3594
SO-000009,2025-08-13,West,Aarav,Online,Home,1,5318.33,0.05,5052.41,3481.16,1571.25,0.311
SO-000010,2025-12-11,North,Rohan,Online,Books,1,10360.75,0.05,9842.71,6064.33,3778.38,0.3839
SO-000011,2025-05-24,West,Ishaan,Direct,Fashion,3,4696.49,0.1,4226.84,3183.68,1043.16,0.2468
SO-000012,2025-12-17,East,Aarav,Partner,Beauty,1,6947.73,0.0,6947.73,4971.42,1976.31,0.2845
